110042	96
94773	78
52584	77
111138	71
99533	67
112744	65
100372	58
93716	57
11455	51
149968	51
92228	50
54478	49
38963	48
9226	47
10924	47
104361	46
41751	46
63507	46
24247	45
14968	45
116023	45
12331	44
111828	44
22871	44
37546	43
66604	42
12396	40
117216	40
100400	38
118405	38
10959	37
21253	37
56269	37
93808	37
96617	37
16271	37
65586	35
2567	35
73943	34
90307	34
149132	33
47708	32
109756	31
51326	31
88744	30
90251	30
98385	29
134065	29
112584	29
13509	28
29137	28
141979	27
51009	27
65873	26
114839	26
55048	26
100026	25
103657	25
43394	25
23702	25
100845	24
27592	24
77265	24
96980	24
33691	23
100230	23
10917	23
11254	23
14166	23
114063	23
14355	22
83582	22
2023	21
80437	21
147775	21
52428	21
156951	21
96822	21
100565	20
70149	20
125653	20
34188	19
71319	19
45175	19
115880	19
89049	19
123591	19
124934	19
103011	18
105726	18
112124	18
79357	18
113137	18
147609	18
52561	18
53143	18
91677	18
63568	18
130815	18
92991	17
77770	17
18650	17
19575	17
121554	17
20988	17
96178	17
129031	17
132536	16
67775	16
134281	16
5102	16
106100	16
144854	16
79640	16
112016	16
115702	16
50182	16
20345	16
22166	16
122846	16
29539	16
125112	16
30958	16
32124	16
140006	15
108812	15
15893	15
15992	15
50347	15
117864	15
118637	15
57971	15
28104	15
97341	15
2445	14
3853	14
39358	14
40936	14
109141	14
45149	14
79048	14
116412	14
52900	14
89577	14
124163	14
94622	14
96854	14
100286	13
35206	13
68637	13
69347	13
103293	13
103591	13
33659	13
39159	13
79710	13
151613	13
86107	13
86394	13
153140	13
126039	13
27928	13
93977	13
69698	12
39426	12
138149	12
7562	12
140352	12
109354	12
142175	12
143123	12
18868	12
146523	12
49330	12
116285	12
149136	12
116513	12
112276	12
23334	12
90135	12
57865	12
91097	12
126569	12
28492	12
127438	12
127715	12
63679	12
131055	12
132047	11
34922	11
35158	11
133697	11
134553	11
103655	11
104186	11
38972	11
137797	11
42371	11
143894	11
111587	11
15155	11
114448	11
115598	11
149859	11
118891	11
20844	11
87542	11
89682	11
42262	11
24945	11
27498	11
93411	11
95168	11
31117	11
130841	11
512	10
66798	10
34782	10
145208	10
102340	10
38001	10
104586	10
72186	10
8622	10
74564	10
107738	10
108562	10
76172	10
43454	10
108999	10
109501	10
45131	10
78072	10
144098	10
73266	10
79172	10
146274	10
15998	10
116515	10
52785	10
9007	10
152727	10
88116	10
90418	10
123651	10
91100	10
126380	10
63523	10
97533	10
98038	10
130886	10
100226	9
3494	9
101922	9
69249	9
69509	9
4825	9
135937	9
38528	9
104959	9
115895	9
8056	9
139481	9
41468	9
40666	9
107377	9
74685	9
42455	9
11496	9
111594	9
112245	9
15017	9
15559	9
68427	9
18275	9
51727	9
20883	9
54097	9
87545	9
89083	9
90709	9
26180	9
158110	9
27843	9
94952	9
95058	9
54094	9
62441	9
128650	9
63309	9
30833	9
96773	9
97624	9
32090	9
130750	9
98767	8
33715	8
132645	8
100167	8
1890	8
100717	8
115197	8
35966	8
102288	8
70234	8
103567	8
136341	8
136394	8
71331	8
72801	8
110497	8
106267	8
8562	8
74965	8
42928	8
76261	8
11163	8
145493	8
112912	8
145985	8
113264	8
81545	8
114546	8
148100	8
148664	8
116243	8
116306	8
116431	8
18604	8
150180	8
117537	8
52002	8
151061	8
53684	8
54167	8
156903	8
124712	8
125048	8
125566	8
27455	8
27701	8
60600	8
27940	8
93827	8
61266	8
95121	8
114251	8
114322	8
31051	8
64818	8
98590	7
98689	7
802	7
66816	7
34242	7
142269	7
137080	7
37432	7
70785	7
104024	7
104223	7
38888	7
105185	7
94013	7
72769	7
105925	7
74544	7
9522	7
141023	7
141181	7
75738	7
75784	7
43417	7
76309	7
141876	7
109551	7
127551	7
11964	7
143069	7
110574	7
12317	7
77984	7
45310	7
12785	7
144322	7
144341	7
13766	7
79580	7
14306	7
145869	7
113515	7
15799	7
16415	7
49412	7
49735	7
82679	7
148432	7
51870	7
118977	7
151755	7
152856	7
87436	7
87936	7
55930	7
121809	7
145953	7
42478	7
124225	7
59063	7
15343	7
126402	7
126598	7
94088	7
94115	7
94608	7
128024	7
128444	7
96396	7
130830	7
97427	7
130285	7
98049	7
98378	6
98435	6
65706	6
237	6
284	6
98749	6
1249	6
132344	6
132422	6
1886	6
100231	6
133343	6
2483	6
100794	6
100881	6
2947	6
101618	6
102188	6
135276	6
69922	6
38859	6
71739	6
39469	6
72301	6
137945	6
137948	6
138038	6
105658	6
73413	6
41275	6
106924	6
9275	6
42316	6
42420	6
108546	6
76038	6
51029	6
11420	6
142643	6
77136	6
44535	6
77341	6
77355	6
110253	6
110419	6
45164	6
45302	6
110949	6
143926	6
13160	6
144334	6
13320	6
111634	6
46116	6
111782	6
106023	6
46011	6
112476	6
14818	6
145979	6
15379	6
146639	6
16125	6
128308	6
144745	6
115081	6
82884	6
116505	6
83855	6
117799	6
20167	6
118594	6
119210	6
119335	6
54958	6
120925	6
14698	6
88731	6
23556	6
24282	6
75049	6
90358	6
90430	6
124189	6
26290	6
26330	6
59100	6
124810	6
124884	6
92271	6
60577	6
126285	6
126860	6
28763	6
29196	6
62630	6
30007	6
64221	6
130314	6
98025	6
92822	6
98250	6
192	5
131324	5
282	5
33315	5
116778	5
33700	5
99334	5
132374	5
66999	5
99885	5
99892	5
100041	5
100118	5
2035	5
133477	5
35185	5
31728	5
133712	5
35727	5
109741	5
36162	5
134722	5
134744	5
69512	5
135240	5
37461	5
5279	5
103672	5
5590	5
104118	5
5817	5
137120	5
104503	5
104767	5
108501	5
72407	5
138321	5
138627	5
106572	5
73935	5
8408	5
139815	5
140156	5
107707	5
74945	5
12507	5
108105	5
9838	5
149120	5
75686	5
42989	5
138315	5
142082	5
109779	5
110069	5
142912	5
77745	5
77762	5
12370	5
78011	5
78099	5
45405	5
12643	5
143904	5
12932	5
45962	5
144305	5
144380	5
144756	5
46687	5
144996	5
24181	5
112688	5
145954	5
15051	5
48074	5
15347	5
80966	5
114136	5
114682	5
82375	5
115484	5
115692	5
115783	5
50281	5
149213	5
116467	5
116670	5
18505	5
84129	5
18988	5
117843	5
150762	5
118283	5
112732	5
86748	5
54186	5
21829	5
120364	5
129434	5
121281	5
23280	5
121737	5
89048	5
20339	5
155205	5
122831	5
151659	5
156296	5
123725	5
156598	5
91437	5
26102	5
58986	5
91844	5
125066	5
27028	5
92661	5
53683	5
125664	5
158433	5
27650	5
70197	5
126594	5
93869	5
159523	5
159644	5
159673	5
61662	5
28977	5
127807	5
29578	5
62784	5
95809	5
135219	5
30506	5
96802	5
97345	5
97720	5
130519	5
97753	5
130736	5
98205	5
98226	5
97108	5
32750	5
98454	4
65768	4
98697	4
66066	4
33428	4
66826	4
133689	4
38679	4
44142	4
133845	4
101173	4
134074	4
68638	4
101733	4
3858	4
69480	4
104469	4
135365	4
135497	4
135588	4
70121	4
135894	4
70378	4
159199	4
70518	4
136146	4
37885	4
70744	4
5265	4
103985	4
136847	4
104312	4
104472	4
104538	4
71991	4
138313	4
138833	4
106097	4
138938	4
138976	4
73724	4
73883	4
8635	4
41508	4
41526	4
41634	4
107211	4
140025	4
6964	4
140292	4
140466	4
9442	4
108035	4
141238	4
141352	4
43440	4
10915	4
11137	4
43919	4
142244	4
109540	4
72927	4
11690	4
77276	4
11785	4
67518	4
110229	4
44716	4
110266	4
44797	4
143133	4
45474	4
111073	4
144221	4
78711	4
144314	4
13254	4
111560	4
46032	4
111638	4
13366	4
13604	4
46480	4
144826	4
13823	4
145212	4
47042	4
145562	4
113012	4
149934	4
14877	4
145978	4
80550	4
113340	4
80616	4
47858	4
15104	4
15497	4
146664	4
139135	4
146767	4
81410	4
48958	4
82377	4
49669	4
82567	4
115700	4
148518	4
115790	4
115834	4
149167	4
149187	4
50960	4
149410	4
117086	4
84453	4
150033	4
150089	4
150921	4
19878	4
118230	4
118359	4
107145	4
151556	4
119186	4
21128	4
152457	4
54252	4
87110	4
21697	4
152983	4
21984	4
153196	4
87722	4
153895	4
121381	4
88785	4
80354	4
89115	4
89283	4
154985	4
89784	4
57125	4
57192	4
123223	4
156140	4
90619	4
156390	4
156426	4
123687	4
123694	4
91268	4
156915	4
58620	4
156963	4
124245	4
91562	4
59102	4
157765	4
157791	4
125069	4
91847	4
26836	4
125146	4
92493	4
70038	4
158169	4
158284	4
158374	4
125926	4
60666	4
60672	4
93579	4
93753	4
159354	4
93910	4
126875	4
28622	4
53950	4
127474	4
94758	4
94925	4
127872	4
30187	4
95980	4
95992	4
96014	4
103421	4
63635	4
129282	4
63922	4
129578	4
96815	4
97208	4
64626	4
97568	4
64873	4
64894	4
130472	4
65002	4
65036	4
97877	4
98102	4
98423	3
98439	3
32933	3
98534	3
65957	3
131560	3
553	3
131828	3
76591	3
131907	3
66397	3
929	3
43861	3
1091	3
99575	3
34046	3
132365	3
1295	3
66853	3
99646	3
99656	3
132463	3
99729	3
34207	3
132565	3
98557	3
67108	3
132680	3
99964	3
67279	3
100086	3
100134	3
100154	3
100301	3
100316	3
133094	3
67756	3
100562	3
35036	3
67865	3
133419	3
2371	3
100687	3
136933	3
2431	3
100846	3
35482	3
35532	3
134011	3
2962	3
158881	3
35896	3
134224	3
101546	3
36044	3
101734	3
3457	3
3522	3
36384	3
102046	3
102058	3
102086	3
137169	3
69359	3
69481	3
69566	3
135125	3
102381	3
153601	3
36948	3
69905	3
11666	3
102857	3
135678	3
4608	3
102969	3
135803	3
4757	3
37904	3
103490	3
38009	3
103560	3
103674	3
136488	3
136750	3
5736	3
5943	3
153918	3
104374	3
104601	3
137432	3
71933	3
39248	3
72085	3
72129	3
72337	3
6837	3
39660	3
105206	3
39800	3
39825	3
7183	3
138394	3
7553	3
106049	3
106058	3
138964	3
8201	3
8228	3
73947	3
106753	3
41346	3
41347	3
107057	3
107118	3
107124	3
139980	3
41767	3
107344	3
9066	3
9076	3
42057	3
42087	3
9337	3
74956	3
107739	3
42349	3
75179	3
9650	3
42450	3
42466	3
160022	3
9936	3
75494	3
141125	3
42885	3
42909	3
108515	3
141308	3
75875	3
141487	3
10439	3
141558	3
76034	3
10510	3
76079	3
108933	3
43415	3
116466	3
141798	3
76287	3
141825	3
105584	3
109218	3
43741	3
109347	3
142157	3
11110	3
142192	3
76729	3
109503	3
11293	3
109656	3
44149	3
142491	3
142522	3
109843	3
142731	3
142748	3
142883	3
142888	3
110154	3
77389	3
110199	3
110214	3
110223	3
44701	3
143678	3
78213	3
143766	3
45469	3
111142	3
143953	3
12883	3
45730	3
111284	3
78517	3
144080	3
45856	3
13091	3
144216	3
144432	3
144434	3
144460	3
46224	3
13572	3
111954	3
144887	3
144934	3
145029	3
112310	3
14154	3
14164	3
145258	3
79733	3
155325	3
14466	3
145607	3
111660	3
47381	3
14736	3
113077	3
145999	3
47801	3
73538	3
113587	3
15289	3
146374	3
113629	3
80940	3
146587	3
15619	3
113955	3
146788	3
15743	3
114192	3
147113	3
147133	3
16080	3
81657	3
114452	3
49036	3
81853	3
147473	3
2758	3
82121	3
114895	3
82143	3
147839	3
115115	3
148017	3
82492	3
16961	3
82552	3
115352	3
49894	3
50014	3
148426	3
115662	3
115755	3
50236	3
148587	3
115862	3
83164	3
148776	3
17728	3
116311	3
116532	3
116586	3
117147	3
84399	3
149964	3
149993	3
111926	3
117355	3
117389	3
117461	3
106959	3
97754	3
117669	3
79718	3
52550	3
118601	3
118624	3
151436	3
53192	3
20561	3
151675	3
151845	3
86343	3
53655	3
152045	3
152210	3
152225	3
119528	3
21322	3
152461	3
152462	3
152518	3
87251	3
152807	3
54613	3
152923	3
123797	3
153026	3
120268	3
153038	3
21968	3
120378	3
87632	3
151204	3
120836	3
120935	3
121008	3
121201	3
22937	3
55741	3
88514	3
121283	3
23006	3
107603	3
88601	3
55964	3
96724	3
23342	3
154467	3
56226	3
23521	3
121959	3
56427	3
56463	3
122046	3
89303	3
89411	3
122231	3
89580	3
24069	3
155144	3
122405	3
155246	3
24214	3
105555	3
122594	3
122779	3
155564	3
155585	3
24573	3
57343	3
57578	3
24848	3
90390	3
57797	3
57834	3
123426	3
156385	3
156410	3
156538	3
42475	3
156562	3
58363	3
29222	3
58439	3
25715	3
124047	3
25783	3
91361	3
58732	3
157046	3
124281	3
124310	3
157095	3
124338	3
91614	3
124459	3
124525	3
59025	3
124674	3
157478	3
124742	3
124790	3
26629	3
92212	3
157770	3
125083	3
157885	3
125228	3
26942	3
113733	3
158119	3
27053	3
27085	3
158180	3
125444	3
27196	3
92769	3
125602	3
27412	3
60213	3
93031	3
102892	3
125896	3
93202	3
93206	3
27699	3
126007	3
27819	3
60694	3
126313	3
126357	3
60943	3
61080	3
126741	3
126781	3
159589	3
94090	3
159659	3
94156	3
94246	3
127037	3
94344	3
94408	3
127292	3
127315	3
127466	3
94764	3
160342	3
127576	3
127585	3
160395	3
94882	3
29462	3
127897	3
95174	3
29702	3
128010	3
128064	3
95435	3
76292	3
95736	3
128765	3
63252	3
128826	3
128893	3
96212	3
96280	3
63548	3
63602	3
63716	3
96517	3
96537	3
31188	3
96813	3
129607	3
125401	3
97159	3
64408	3
97233	3
130211	3
64705	3
97539	3
65008	3
32255	3
97817	3
32372	3
130722	3
130734	3
32523	3
98274	3
131071	3
131084	2
32836	2
98376	2
98382	2
131218	2
131234	2
98488	2
65782	2
98555	2
98569	2
109273	2
98591	2
81975	2
98695	2
131469	2
131477	2
131490	2
131500	2
21918	2
71071	2
131561	2
131684	2
131701	2
131772	2
704	2
745	2
131842	2
99109	2
131912	2
99191	2
69862	2
131972	2
99216	2
33739	2
994	2
99310	2
132105	2
99354	2
147634	2
66638	2
132215	2
132245	2
99481	2
99515	2
33981	2
54822	2
99563	2
99616	2
132393	2
66860	2
132412	2
34133	2
132441	2
99682	2
132561	2
132581	2
99840	2
34313	2
99893	2
99904	2
132676	2
132699	2
67168	2
132743	2
99999	2
100060	2
100073	2
100303	2
120483	2
2009	2
100332	2
133121	2
67603	2
133165	2
100431	2
67696	2
2180	2
133284	2
34989	2
133407	2
100648	2
100656	2
100726	2
67972	2
100743	2
100764	2
100790	2
133572	2
133617	2
35346	2
35360	2
100927	2
2630	2
100940	2
100960	2
35431	2
68220	2
16458	2
133829	2
35527	2
101075	2
101108	2
68350	2
133887	2
101158	2
101164	2
68447	2
134027	2
134140	2
126123	2
134156	2
98829	2
36039	2
36105	2
134448	2
36155	2
134523	2
134569	2
3514	2
101828	2
134660	2
69159	2
134842	2
102078	2
102156	2
135039	2
135090	2
69574	2
71676	2
102393	2
102430	2
36915	2
102482	2
102486	2
102502	2
104466	2
102536	2
69797	2
37062	2
102603	2
37069	2
102614	2
69912	2
69918	2
135456	2
69955	2
102727	2
37232	2
4494	2
135567	2
37347	2
37365	2
4630	2
102940	2
103009	2
37518	2
70305	2
70326	2
103185	2
136117	2
70612	2
103387	2
103428	2
103630	2
136462	2
103710	2
38217	2
136544	2
126526	2
136596	2
136657	2
71124	2
5592	2
103908	2
71146	2
5616	2
104004	2
71287	2
104057	2
136855	2
104131	2
136910	2
104162	2
71397	2
136955	2
104297	2
137105	2
137107	2
38817	2
104358	2
104362	2
104379	2
71636	2
104409	2
137237	2
6406	2
28379	2
104761	2
137537	2
104802	2
6499	2
137572	2
137664	2
72172	2
105054	2
137838	2
61205	2
44963	2
6830	2
105138	2
137913	2
105289	2
105295	2
6996	2
138094	2
138100	2
7112	2
104954	2
7206	2
40019	2
138327	2
40031	2
138372	2
138390	2
40092	2
40095	2
138425	2
138474	2
72950	2
138500	2
105760	2
105903	2
7613	2
105983	2
138754	2
73220	2
7690	2
138791	2
7737	2
7788	2
7801	2
106127	2
55921	2
40617	2
138927	2
88698	2
7909	2
126932	2
106242	2
7945	2
139115	2
106413	2
139224	2
8260	2
106583	2
41058	2
139399	2
139456	2
8485	2
99724	2
154349	2
139665	2
139688	2
8621	2
8630	2
139727	2
41442	2
74222	2
41480	2
107052	2
107249	2
41807	2
9179	2
41949	2
74723	2
42013	2
107561	2
140371	2
74848	2
42125	2
140437	2
140445	2
42224	2
42230	2
140550	2
42249	2
140598	2
75079	2
9569	2
75113	2
140676	2
105069	2
42404	2
72615	2
140825	2
140827	2
75347	2
42582	2
42584	2
140898	2
140951	2
140970	2
141011	2
42712	2
75483	2
141027	2
42776	2
75553	2
42819	2
116364	2
141133	2
141160	2
75660	2
141253	2
141258	2
141279	2
43110	2
10383	2
132809	2
141520	2
108821	2
43286	2
108824	2
141647	2
141740	2
141742	2
141800	2
141812	2
76322	2
141896	2
141897	2
141901	2
141916	2
76410	2
10894	2
43663	2
142009	2
43715	2
142071	2
142130	2
29155	2
142204	2
76678	2
76691	2
142238	2
142278	2
142307	2
44014	2
109631	2
142401	2
76886	2
109692	2
142494	2
142503	2
142517	2
44216	2
142531	2
142560	2
11493	2
44269	2
77060	2
44302	2
109839	2
77119	2
142666	2
142738	2
142820	2
142841	2
77328	2
110108	2
110125	2
77375	2
44624	2
116678	2
110278	2
143991	2
143061	2
77534	2
56619	2
68052	2
44847	2
110386	2
44874	2
12121	2
44896	2
110479	2
143267	2
110533	2
12234	2
45021	2
143330	2
12276	2
110652	2
143433	2
143506	2
143533	2
110771	2
110845	2
94934	2
12562	2
143697	2
143722	2
143736	2
143760	2
111069	2
45557	2
143898	2
144063	2
111299	2
111300	2
89550	2
144144	2
45857	2
144176	2
144180	2
45882	2
45918	2
144234	2
144282	2
13234	2
78779	2
111551	2
111562	2
111570	2
144371	2
78848	2
144437	2
144481	2
84155	2
78960	2
111748	2
144531	2
79016	2
144579	2
111816	2
144587	2
111900	2
111912	2
79155	2
79175	2
112000	2
79235	2
13705	2
46559	2
46619	2
144924	2
144935	2
144965	2
79535	2
112382	2
46895	2
46904	2
145210	2
145408	2
51550	2
145489	2
14481	2
145573	2
47288	2
145615	2
14571	2
145730	2
14738	2
80321	2
145862	2
80367	2
145916	2
113172	2
113192	2
133555	2
146024	2
14995	2
144494	2
15075	2
133613	2
51695	2
146332	2
113570	2
146351	2
113585	2
146389	2
146434	2
113703	2
150023	2
15429	2
113793	2
15494	2
146626	2
105268	2
113932	2
114060	2
15760	2
15780	2
19016	2
114121	2
114135	2
15839	2
146948	2
146957	2
73652	2
147003	2
97641	2
15947	2
147028	2
114289	2
147171	2
16159	2
16180	2
81722	2
147288	2
114528	2
147361	2
81829	2
81884	2
51886	2
16477	2
147560	2
114806	2
144748	2
114834	2
49318	2
147639	2
16619	2
114931	2
82179	2
147771	2
147796	2
16760	2
115066	2
16903	2
148005	2
16963	2
115301	2
49766	2
148093	2
82574	2
115385	2
17086	2
115391	2
148179	2
148247	2
17212	2
115596	2
68226	2
115616	2
82878	2
139426	2
148433	2
148447	2
115697	2
115698	2
17416	2
148491	2
83031	2
115856	2
115869	2
148663	2
115966	2
148801	2
116053	2
148823	2
148830	2
116099	2
116168	2
50633	2
116187	2
117674	2
17920	2
116238	2
116290	2
50755	2
13923	2
116378	2
83619	2
128641	2
116538	2
116540	2
18256	2
83817	2
149355	2
149416	2
149421	2
116659	2
18370	2
51169	2
18431	2
51207	2
149525	2
18456	2
18473	2
116835	2
149611	2
116903	2
149705	2
18710	2
117056	2
149888	2
18818	2
149940	2
149998	2
51696	2
150074	2
150085	2
150088	2
150092	2
150108	2
117375	2
117396	2
117403	2
150178	2
84648	2
19117	2
150240	2
19176	2
51948	2
117508	2
51983	2
150331	2
150344	2
150349	2
150353	2
150672	2
150411	2
19340	2
19371	2
14160	2
52312	2
117869	2
19586	2
117903	2
85146	2
150693	2
150711	2
52456	2
151015	2
57939	2
118263	2
118281	2
20013	2
151092	2
151109	2
151190	2
151248	2
118489	2
85754	2
151333	2
118574	2
53050	2
151365	2
25235	2
85886	2
118667	2
85318	2
20448	2
20450	2
20500	2
118913	2
151711	2
118971	2
151776	2
151838	2
86315	2
151898	2
119131	2
151935	2
58091	2
20870	2
151947	2
20981	2
119292	2
152064	2
119298	2
123650	2
152086	2
152123	2
86662	2
152209	2
86739	2
152348	2
152363	2
152448	2
152456	2
152473	2
119738	2
152517	2
152531	2
152543	2
152547	2
152558	2
152571	2
119811	2
152596	2
87071	2
54347	2
119978	2
152752	2
54473	2
21706	2
120065	2
58244	2
120091	2
120099	2
21830	2
120179	2
120235	2
21935	2
54794	2
153102	2
22054	2
54965	2
153314	2
102017	2
153371	2
22300	2
153450	2
153466	2
87955	2
120726	2
22427	2
22474	2
120784	2
153574	2
120833	2
153620	2
120874	2
120914	2
88158	2
120928	2
153712	2
22686	2
91165	2
153804	2
22753	2
88366	2
88382	2
22869	2
22907	2
121242	2
28043	2
154116	2
55843	2
118536	2
145845	2
121411	2
23115	2
154190	2
121451	2
55931	2
23170	2
121478	2
121555	2
23262	2
121597	2
121632	2
154450	2
23384	2
89004	2
23537	2
121844	2
121857	2
154642	2
56383	2
154691	2
23649	2
89187	2
154812	2
56547	2
56638	2
124132	2
23912	2
23973	2
155104	2
56839	2
24079	2
122456	2
56938	2
122511	2
122551	2
155382	2
96906	2
89942	2
122737	2
155562	2
122820	2
155598	2
135161	2
57324	2
155660	2
122929	2
90205	2
123056	2
123124	2
57648	2
155955	2
155959	2
57659	2
90433	2
90441	2
156069	2
156167	2
90654	2
123424	2
156228	2
123479	2
90762	2
123554	2
123612	2
123619	2
123649	2
123661	2
123665	2
123666	2
156450	2
58177	2
123791	2
156593	2
91121	2
123951	2
124011	2
124097	2
124165	2
124203	2
58699	2
124236	2
124242	2
91486	2
4326	2
26059	2
124365	2
124432	2
124550	2
124614	2
124633	2
59131	2
26381	2
157482	2
124727	2
124832	2
124844	2
109997	2
92110	2
92112	2
59389	2
157769	2
26708	2
92262	2
125036	2
157917	2
26886	2
157988	2
26936	2
59729	2
125334	2
27075	2
59859	2
158187	2
59887	2
158201	2
125520	2
60016	2
158354	2
158362	2
10014	2
125672	2
92926	2
125760	2
60270	2
27520	2
27535	2
158609	2
125908	2
27610	2
125928	2
130222	2
125990	2
158761	2
126053	2
158867	2
59271	2
126269	2
159047	2
93518	2
70201	2
126384	2
60918	2
126496	2
93758	2
126533	2
126599	2
61089	2
126631	2
126633	2
93899	2
61134	2
126727	2
159498	2
159503	2
61221	2
28461	2
94050	2
61296	2
28546	2
159648	2
126887	2
159696	2
94164	2
28647	2
94193	2
86697	2
126996	2
61475	2
28768	2
127077	2
159863	2
159915	2
28852	2
127210	2
127236	2
61705	2
127242	2
127274	2
61739	2
127283	2
61750	2
61795	2
160109	2
61900	2
81316	2
29182	2
127488	2
94790	2
127591	2
94827	2
160368	2
29310	2
62082	2
108655	2
160421	2
160468	2
127702	2
62183	2
127725	2
127727	2
160541	2
29505	2
95049	2
95064	2
95083	2
95084	2
95085	2
95094	2
127930	2
160700	2
29699	2
97009	2
128054	2
29839	2
95414	2
95416	2
29883	2
128189	2
128190	2
62680	2
95454	2
128262	2
95540	2
95593	2
128375	2
161182	2
95669	2
128445	2
62931	2
128503	2
128505	2
97025	2
128512	2
62977	2
128540	2
63094	2
95900	2
95933	2
128739	2
63225	2
95998	2
96011	2
63278	2
96047	2
96064	2
30536	2
96153	2
96157	2
128940	2
96208	2
30721	2
129027	2
129037	2
30754	2
96301	2
16054	2
63574	2
129113	2
30852	2
129189	2
129206	2
96530	2
96531	2
129312	2
96628	2
63865	2
129486	2
31189	2
96752	2
64019	2
64040	2
64103	2
103536	2
64218	2
96988	2
97011	2
97131	2
129911	2
31710	2
97362	2
130221	2
130229	2
120010	2
141858	2
97553	2
97593	2
97594	2
97632	2
97655	2
97683	2
97709	2
130482	2
114593	2
97823	2
130592	2
65106	2
97928	2
54564	2
98010	2
130936	2
98175	2
98233	2
98247	2
98261	2
98283	2
98291	2
131063	2
32766	2
98304	1
98309	1
98317	1
32789	1
131105	1
98340	1
131110	1
98349	1
98356	1
131125	1
98366	1
98367	1
131157	1
131159	1
98398	1
100	1
131189	1
98434	1
131236	1
98477	1
131252	1
32951	1
98517	1
131290	1
131299	1
131301	1
131316	1
131317	1
131322	1
131325	1
131343	1
49202	1
98618	1
65855	1
98624	1
98630	1
330	1
131407	1
98645	1
98659	1
98667	1
131439	1
65905	1
389	1
98694	1
33166	1
33183	1
158452	1
33210	1
98757	1
131531	1
98765	1
131537	1
5539	1
33237	1
131551	1
33258	1
132043	1
131569	1
98807	1
98389	1
33281	1
131586	1
98828	1
11010	1
66065	1
66071	1
66074	1
544	1
66087	1
131626	1
131644	1
98879	1
98883	1
131654	1
131659	1
131661	1
98897	1
131666	1
131672	1
602	1
33375	1
27408	1
131682	1
131683	1
16486	1
98922	1
98932	1
131718	1
98951	1
131723	1
33429	1
131742	1
98976	1
98978	1
131753	1
82034	1
99009	1
99011	1
131787	1
131793	1
131809	1
131819	1
99056	1
99067	1
87509	1
99076	1
99089	1
103897	1
66332	1
99105	1
99108	1
54750	1
99130	1
131902	1
33599	1
837	1
859	1
99170	1
99172	1
66405	1
99174	1
82066	1
99205	1
99212	1
66449	1
99221	1
66460	1
99229	1
99260	1
33746	1
99285	1
99288	1
132057	1
132060	1
33758	1
33759	1
99307	1
132082	1
109395	1
99340	1
1037	1
132136	1
1066	1
1073	1
32948	1
132158	1
99391	1
99396	1
132168	1
99401	1
132189	1
33898	1
1138	1
132224	1
99460	1
33927	1
132233	1
99470	1
99485	1
132271	1
99507	1
16589	1
132314	1
99555	1
99564	1
99574	1
1273	1
132349	1
99583	1
132355	1
99589	1
66837	1
158597	1
66850	1
132387	1
1318	1
5681	1
1322	1
99629	1
99630	1
66865	1
99638	1
99653	1
1359	1
132432	1
99666	1
132435	1
132439	1
85553	1
99681	1
99685	1
99689	1
99692	1
1395	1
99707	1
99726	1
132496	1
34210	1
132524	1
109469	1
132531	1
99771	1
132540	1
99781	1
132564	1
99822	1
99827	1
99828	1
1525	1
1539	1
132618	1
99852	1
1564	1
132647	1
34346	1
132657	1
132682	1
67159	1
132698	1
99935	1
99946	1
34416	1
1658	1
67197	1
99966	1
99969	1
99977	1
132747	1
99988	1
100012	1
100013	1
132785	1
100021	1
100025	1
132796	1
34502	1
100045	1
100046	1
132816	1
132819	1
34528	1
132835	1
100072	1
132843	1
34556	1
100093	1
100098	1
100109	1
34576	1
100114	1
100123	1
125914	1
132894	1
34599	1
1836	1
67379	1
67381	1
100153	1
132929	1
5771	1
132936	1
132946	1
104079	1
100198	1
132986	1
132988	1
100223	1
100228	1
100236	1
133008	1
67487	1
133031	1
100281	1
100285	1
158710	1
133068	1
34770	1
34794	1
100342	1
100374	1
119002	1
100386	1
100392	1
34857	1
67633	1
100403	1
2102	1
133180	1
136886	1
133195	1
100443	1
100445	1
148465	1
133228	1
133231	1
100472	1
133260	1
5827	1
100506	1
100508	1
133279	1
133303	1
67771	1
2241	1
100549	1
133318	1
100551	1
100554	1
100560	1
35025	1
133334	1
100568	1
100576	1
100606	1
133378	1
133381	1
67850	1
67852	1
100621	1
133400	1
100640	1
100642	1
133418	1
133427	1
133435	1
100673	1
133453	1
133466	1
2395	1
133468	1
100704	1
35172	1
100719	1
100722	1
100728	1
67961	1
133507	1
133536	1
35245	1
133554	1
98719	1
100809	1
133586	1
68051	1
2516	1
104187	1
100837	1
133608	1
133622	1
100864	1
2604	1
100910	1
100922	1
100931	1
26275	1
98746	1
133734	1
100994	1
101000	1
133770	1
133774	1
68239	1
133782	1
133784	1
133788	1
35485	1
133799	1
133803	1
101038	1
101049	1
101051	1
133823	1
133830	1
101085	1
35552	1
101091	1
2788	1
133863	1
68331	1
133879	1
35578	1
101141	1
133916	1
101159	1
101162	1
35629	1
133940	1
93322	1
2879	1
101185	1
2891	1
68434	1
68439	1
68445	1
134001	1
101234	1
101245	1
101249	1
35725	1
35749	1
134056	1
101291	1
101309	1
134098	1
101333	1
134104	1
134111	1
134119	1
3071	1
101376	1
142508	1
101386	1
101387	1
3113	1
35905	1
68677	1
101479	1
68713	1
115218	1
35954	1
76992	1
68740	1
134297	1
134302	1
134306	1
101539	1
3250	1
104307	1
107039	1
134335	1
134338	1
101572	1
134341	1
137079	1
68816	1
134363	1
36065	1
134378	1
134384	1
68857	1
36092	1
101650	1
36115	1
134427	1
134440	1
101673	1
101682	1
134452	1
101690	1
101703	1
101716	1
101723	1
68983	1
101759	1
101788	1
134560	1
101794	1
101799	1
101803	1
36275	1
134608	1
134609	1
101859	1
134633	1
87975	1
101885	1
134667	1
134671	1
69136	1
134678	1
134687	1
69156	1
101940	1
134719	1
131681	1
101960	1
134733	1
98915	1
104377	1
134746	1
3682	1
134768	1
134779	1
69255	1
69263	1
134805	1
69271	1
102048	1
134820	1
134829	1
134830	1
69301	1
102073	1
98933	1
134858	1
134867	1
134874	1
102107	1
134888	1
69368	1
134910	1
3862	1
134944	1
102196	1
120801	1
102218	1
3916	1
3917	1
134991	1
102226	1
102229	1
102244	1
135014	1
102256	1
102265	1
135037	1
135041	1
135049	1
102289	1
102347	1
36812	1
135119	1
102353	1
135143	1
102383	1
69622	1
66217	1
69630	1
102406	1
104452	1
135221	1
153609	1
102456	1
69690	1
36923	1
104459	1
102469	1
4172	1
4179	1
135260	1
102513	1
135291	1
102526	1
135299	1
135302	1
37006	1
135336	1
4267	1
102589	1
69826	1
102602	1
135377	1
135394	1
135398	1
102637	1
69879	1
4346	1
135425	1
135430	1
37129	1
4389	1
102696	1
4395	1
102700	1
102704	1
135480	1
69966	1
102740	1
102741	1
102751	1
37225	1
102776	1
4475	1
135574	1
135589	1
70054	1
135591	1
37293	1
135603	1
66292	1
93599	1
37309	1
37317	1
135628	1
102869	1
102872	1
70106	1
135649	1
70118	1
96172	1
4588	1
88146	1
4604	1
102913	1
102916	1
4620	1
135695	1
102936	1
102941	1
37406	1
8735	1
4649	1
102961	1
4661	1
102979	1
103005	1
155097	1
103046	1
135816	1
135818	1
99095	1
135823	1
103065	1
103079	1
103083	1
104562	1
70325	1
135869	1
37580	1
103119	1
103125	1
103133	1
37614	1
103153	1
121277	1
103165	1
135939	1
103192	1
4891	1
103206	1
153737	1
136014	1
136028	1
136032	1
131903	1
136063	1
136072	1
136084	1
137369	1
103321	1
103322	1
103329	1
5028	1
70567	1
103340	1
136122	1
136124	1
103358	1
44533	1
136131	1
126455	1
37867	1
136172	1
136176	1
103413	1
103414	1
71853	1
136215	1
103454	1
136237	1
103475	1
5173	1
70717	1
103489	1
103496	1
103500	1
103502	1
136292	1
5224	1
103532	1
136301	1
5232	1
103542	1
103551	1
103584	1
5282	1
103595	1
136391	1
136397	1
103631	1
103639	1
103643	1
136424	1
103662	1
44584	1
38130	1
70920	1
136461	1
136471	1
136480	1
103724	1
103726	1
38199	1
103742	1
110133	1
70983	1
136528	1
5492	1
136568	1
136572	1
103808	1
136594	1
71061	1
71067	1
136607	1
103842	1
103843	1
103845	1
99228	1
103861	1
103863	1
136642	1
38342	1
136647	1
103887	1
71129	1
38398	1
71168	1
136729	1
136735	1
99251	1
71220	1
38454	1
38456	1
103995	1
104006	1
136787	1
71270	1
104046	1
38518	1
38523	1
104061	1
136830	1
136834	1
104075	1
104097	1
104111	1
104112	1
104116	1
136887	1
142965	1
104134	1
71368	1
136918	1
104166	1
5864	1
71402	1
115666	1
5878	1
104184	1
5911	1
38691	1
137002	1
137016	1
137017	1
82911	1
38717	1
104262	1
137033	1
104759	1
99298	1
137039	1
104277	1
71510	1
77455	1
38756	1
137075	1
71543	1
104318	1
137097	1
104330	1
137099	1
137101	1
6031	1
137127	1
137128	1
104365	1
104371	1
137140	1
137145	1
104385	1
137156	1
137168	1
71633	1
137179	1
137180	1
137184	1
71659	1
148479	1
137212	1
137213	1
137220	1
137224	1
71689	1
104458	1
137227	1
71694	1
71695	1
6162	1
137243	1
6176	1
137258	1
71734	1
104510	1
71745	1
137286	1
38985	1
104524	1
6241	1
104547	1
137324	1
137327	1
6258	1
104563	1
137338	1
104576	1
93888	1
104581	1
143046	1
137389	1
104630	1
104637	1
137417	1
104650	1
137439	1
6370	1
104688	1
104702	1
137472	1
104716	1
71949	1
137491	1
137504	1
71973	1
6442	1
71988	1
109328	1
6539	1
39308	1
137547	1
104785	1
104790	1
104791	1
104806	1
104809	1
6549	1
39298	1
143083	1
6533	1
137611	1
104852	1
121241	1
137624	1
39322	1
137640	1
137641	1
104875	1
137660	1
104899	1
137672	1
104905	1
104913	1
39381	1
39384	1
72170	1
137709	1
72183	1
104961	1
72216	1
39471	1
6706	1
105012	1
93961	1
72252	1
72257	1
105028	1
6728	1
72279	1
105068	1
154045	1
105074	1
105077	1
137867	1
154050	1
137880	1
62421	1
39589	1
6822	1
6825	1
137907	1
105151	1
105160	1
6857	1
105187	1
137971	1
105221	1
105225	1
6931	1
99463	1
72500	1
138042	1
72509	1
105278	1
138054	1
105288	1
138069	1
105304	1
105312	1
7015	1
138092	1
72557	1
138096	1
105339	1
105341	1
72578	1
138119	1
105353	1
105369	1
105378	1
105382	1
105383	1
105387	1
105388	1
138162	1
105401	1
138182	1
138186	1
138192	1
39902	1
105440	1
72677	1
138214	1
138216	1
137727	1
39933	1
105473	1
17580	1
138251	1
41702	1
7187	1
138264	1
138277	1
105516	1
40000	1
105550	1
105572	1
7277	1
138352	1
105589	1
7299	1
138400	1
138412	1
72877	1
138427	1
105664	1
105667	1
105677	1
105679	1
115918	1
40159	1
72943	1
138490	1
138518	1
138520	1
138522	1
1242	1
105770	1
138551	1
7487	1
7490	1
73040	1
77711	1
138593	1
138611	1
138612	1
58081	1
105853	1
7554	1
138630	1
105873	1
40347	1
105888	1
7592	1
73136	1
40370	1
7604	1
99546	1
138696	1
28579	1
138709	1
73177	1
138716	1
138718	1
105956	1
138730	1
105966	1
138741	1
7676	1
105982	1
144285	1
73236	1
138774	1
7721	1
138802	1
73278	1
138815	1
138816	1
143286	1
106054	1
106067	1
106081	1
106111	1
138880	1
138881	1
34085	1
73350	1
77761	1
106122	1
137839	1
138914	1
138925	1
138937	1
138939	1
138970	1
138972	1
106207	1
7908	1
106220	1
138999	1
106235	1
106239	1
139013	1
106253	1
106255	1
139047	1
106284	1
40761	1
139073	1
106306	1
106312	1
139085	1
106321	1
106330	1
139134	1
73599	1
148800	1
40844	1
17732	1
106398	1
8113	1
139188	1
139190	1
8127	1
139201	1
139214	1
106454	1
106455	1
1360	1
137894	1
73703	1
106481	1
139250	1
73715	1
8198	1
73742	1
8214	1
106520	1
106521	1
73756	1
8226	1
73780	1
73782	1
94219	1
106575	1
8315	1
106630	1
73867	1
8350	1
106658	1
41129	1
106673	1
41158	1
139464	1
8393	1
106705	1
106727	1
106732	1
106733	1
8433	1
139511	1
74006	1
74013	1
106787	1
74061	1
139616	1
66960	1
41314	1
139630	1
74113	1
106891	1
139660	1
41366	1
106908	1
154352	1
139682	1
8613	1
139710	1
106944	1
139716	1
139726	1
74201	1
106972	1
74214	1
106989	1
107014	1
139801	1
8732	1
139807	1
107045	1
61532	1
107051	1
107069	1
8779	1
139853	1
41552	1
139864	1
139865	1
139868	1
8797	1
99772	1
41597	1
107138	1
74379	1
132546	1
107171	1
74414	1
107190	1
8896	1
8914	1
107245	1
8954	1
140032	1
8971	1
140047	1
140049	1
107282	1
107285	1
74518	1
107290	1
41757	1
140064	1
140079	1
74549	1
41802	1
41814	1
74597	1
9063	1
140137	1
41858	1
41859	1
140170	1
107411	1
107427	1
140200	1
140236	1
74712	1
9185	1
140261	1
107497	1
140270	1
140283	1
138072	1
74771	1
140324	1
42030	1
74802	1
74805	1
110513	1
42058	1
74852	1
140392	1
140398	1
140413	1
42115	1
140436	1
107678	1
140497	1
140502	1
74969	1
74987	1
9479	1
9482	1
140566	1
42276	1
42279	1
140585	1
75061	1
140640	1
140645	1
140651	1
75116	1
9584	1
75138	1
154519	1
140691	1
75169	1
42405	1
140719	1
75221	1
9693	1
140773	1
140782	1
9735	1
132695	1
75280	1
108052	1
140826	1
99930	1
42537	1
140844	1
140853	1
140854	1
140858	1
140861	1
140871	1
140895	1
140906	1
108148	1
9849	1
9853	1
42634	1
140952	1
140961	1
75438	1
108208	1
141002	1
141006	1
141026	1
42728	1
108271	1
9987	1
9994	1
42764	1
141072	1
154584	1
141074	1
141086	1
141094	1
141095	1
67207	1
141111	1
108360	1
141138	1
141176	1
75646	1
141185	1
141194	1
141205	1
108438	1
141209	1
108442	1
141212	1
141228	1
141247	1
141266	1
141269	1
42971	1
141288	1
141289	1
141295	1
154630	1
10278	1
10298	1
141374	1
43071	1
75843	1
141400	1
75866	1
154639	1
149180	1
141420	1
75887	1
141428	1
108663	1
108669	1
141442	1
10387	1
141464	1
10399	1
141480	1
141482	1
108717	1
141488	1
141524	1
141532	1
141551	1
141555	1
10488	1
108794	1
138284	1
141579	1
141597	1
108833	1
108835	1
89137	1
141617	1
43322	1
141628	1
141650	1
141675	1
76142	1
108917	1
100075	1
108937	1
108946	1
141720	1
10654	1
141738	1
141753	1
76221	1
141760	1
141766	1
141772	1
78242	1
109027	1
109039	1
141811	1
76277	1
141814	1
10749	1
43524	1
141831	1
141832	1
109100	1
109107	1
141878	1
109143	1
76376	1
141927	1
141931	1
43628	1
109170	1
141943	1
76419	1
109189	1
109205	1
141981	1
141994	1
141999	1
142002	1
142003	1
10938	1
142020	1
76490	1
142029	1
149283	1
10964	1
142039	1
109272	1
43737	1
142042	1
109275	1
142046	1
142049	1
142051	1
34598	1
76525	1
142062	1
76534	1
11001	1
43773	1
11012	1
132908	1
142092	1
43792	1
43795	1
142100	1
109352	1
109355	1
35284	1
142127	1
109374	1
142144	1
11082	1
109397	1
142170	1
11104	1
142179	1
76651	1
142196	1
109430	1
142220	1
142221	1
142237	1
142256	1
109489	1
142263	1
76731	1
142276	1
11225	1
142298	1
109537	1
142312	1
142341	1
109589	1
142369	1
142387	1
109624	1
142393	1
76872	1
142423	1
109666	1
11368	1
142446	1
143893	1
109697	1
142490	1
76965	1
76972	1
142509	1
109742	1
83827	1
109760	1
142534	1
142537	1
142545	1
142548	1
109795	1
109806	1
142579	1
44278	1
109821	1
142595	1
109832	1
109837	1
44306	1
77084	1
44329	1
142645	1
109880	1
142652	1
77118	1
142657	1
142682	1
116623	1
109922	1
109926	1
109934	1
44414	1
142720	1
109957	1
11656	1
44426	1
122093	1
109969	1
109978	1
160326	1
77224	1
142765	1
142768	1
110002	1
110017	1
138486	1
110032	1
142816	1
77282	1
142824	1
77295	1
142840	1
110074	1
44540	1
110077	1
44549	1
44552	1
142860	1
44563	1
11801	1
142875	1
77342	1
11812	1
142890	1
142894	1
142895	1
142901	1
110158	1
110186	1
110202	1
77448	1
44688	1
110228	1
143008	1
143011	1
110244	1
44711	1
143026	1
11956	1
110261	1
143047	1
100300	1
143050	1
143052	1
110285	1
110297	1
110298	1
143073	1
77542	1
44779	1
44788	1
110330	1
143099	1
44805	1
143114	1
143122	1
44836	1
143144	1
143145	1
12100	1
143175	1
105783	1
143185	1
143192	1
110431	1
110440	1
110449	1
143227	1
143233	1
143234	1
110467	1
143244	1
77727	1
116720	1
143272	1
77741	1
143282	1
77748	1
110518	1
12219	1
110529	1
143311	1
83960	1
143315	1
143321	1
143324	1
144037	1
143333	1
110569	1
80061	1
143356	1
143358	1
143391	1
12328	1
143401	1
110646	1
77890	1
110659	1
12358	1
143432	1
143445	1
77919	1
77945	1
110716	1
110722	1
110730	1
144067	1
143511	1
143513	1
77990	1
45228	1
110766	1
143554	1
143558	1
45256	1
143561	1
110797	1
110798	1
110801	1
45268	1
143579	1
78095	1
110864	1
143644	1
143647	1
110881	1
45367	1
12602	1
143686	1
110943	1
110967	1
110969	1
110984	1
143762	1
78227	1
110999	1
143776	1
7584	1
45518	1
143829	1
78310	1
13053	1
143870	1
78335	1
143878	1
143881	1
78347	1
12812	1
12820	1
45589	1
143903	1
12856	1
78404	1
78416	1
111193	1
111210	1
143984	1
143986	1
143989	1
149609	1
111225	1
78462	1
111264	1
111269	1
111277	1
111280	1
144059	1
13016	1
111321	1
45787	1
111329	1
111341	1
45808	1
111347	1
13047	1
144121	1
144125	1
111358	1
144130	1
105945	1
78620	1
111389	1
78622	1
111397	1
45863	1
111406	1
45878	1
144188	1
78656	1
104835	1
13127	1
111435	1
144207	1
144211	1
144215	1
45915	1
13157	1
13158	1
144235	1
45933	1
111472	1
144242	1
144259	1
127809	1
13196	1
144273	1
111506	1
144279	1
78745	1
78749	1
13220	1
144300	1
144301	1
144321	1
46019	1
144324	1
144325	1
144329	1
144335	1
155128	1
78804	1
144349	1
144350	1
78818	1
144364	1
144374	1
144375	1
144376	1
116906	1
111622	1
84141	1
144401	1
46100	1
144407	1
78876	1
144416	1
144421	1
144428	1
111662	1
111672	1
111673	1
144443	1
144445	1
111688	1
111693	1
111695	1
144466	1
144468	1
144470	1
144492	1
78958	1
144499	1
13429	1
111749	1
144519	1
78999	1
13464	1
144539	1
111779	1
111788	1
111791	1
111797	1
46273	1
144593	1
144599	1
46298	1
144608	1
111850	1
133330	1
111867	1
144640	1
111881	1
144652	1
111886	1
111887	1
144660	1
13591	1
144670	1
79148	1
111921	1
144694	1
144704	1
46405	1
144721	1
111970	1
111977	1
111980	1
144757	1
13692	1
73281	1
144778	1
144783	1
46502	1
112042	1
79279	1
144821	1
144833	1
13771	1
112078	1
112079	1
144862	1
112098	1
112104	1
79340	1
67838	1
112118	1
79354	1
79361	1
112134	1
111533	1
144914	1
144915	1
79382	1
144920	1
100613	1
112169	1
144938	1
144939	1
112172	1
104119	1
112184	1
144955	1
46657	1
112195	1
101785	1
100620	1
112204	1
144978	1
144979	1
144980	1
112224	1
79465	1
112257	1
112259	1
112268	1
111554	1
112270	1
145044	1
112295	1
46770	1
14003	1
112317	1
35104	1
79560	1
145124	1
145125	1
79597	1
145140	1
112373	1
145143	1
160725	1
112397	1
145167	1
112403	1
112406	1
46874	1
112411	1
145185	1
145216	1
145224	1
145232	1
112484	1
112486	1
51516	1
112492	1
79738	1
145290	1
79755	1
112526	1
145303	1
145306	1
145342	1
112579	1
14279	1
14290	1
145363	1
112596	1
145369	1
145377	1
79846	1
112630	1
79867	1
112646	1
145430	1
145436	1
79902	1
95238	1
144392	1
145462	1
145466	1
14401	1
145487	1
47196	1
112746	1
145518	1
14448	1
14462	1
144406	1
112776	1
145547	1
145558	1
145568	1
47277	1
47278	1
145589	1
112829	1
14526	1
112841	1
145610	1
47308	1
145617	1
145642	1
117117	1
47349	1
145656	1
145666	1
80145	1
100740	1
14621	1
80162	1
47399	1
145706	1
112952	1
47420	1
145725	1
112972	1
13368	1
145750	1
112996	1
80229	1
145770	1
14711	1
145789	1
145801	1
145812	1
14745	1
145830	1
47533	1
145838	1
145842	1
145858	1
111692	1
80338	1
149924	1
40699	1
47595	1
145912	1
145915	1
14851	1
133549	1
145948	1
14881	1
145961	1
145976	1
80457	1
113233	1
14931	1
18874	1
113259	1
113266	1
146060	1
113305	1
15002	1
47772	1
113309	1
15010	1
15023	1
113330	1
146099	1
149962	1
113343	1
146114	1
113359	1
113382	1
113390	1
146167	1
15097	1
146172	1
47873	1
146181	1
113425	1
146199	1
128132	1
146209	1
146213	1
146215	1
80695	1
146238	1
80703	1
113478	1
15188	1
47963	1
146272	1
113505	1
113516	1
80757	1
113538	1
113544	1
146314	1
57155	1
146324	1
113560	1
146329	1
113565	1
15265	1
113577	1
48054	1
146362	1
15292	1
146384	1
48101	1
146415	1
146416	1
146417	1
146433	1
100869	1
113696	1
80933	1
146472	1
15408	1
113714	1
15412	1
15418	1
146498	1
146499	1
113732	1
146508	1
48205	1
15440	1
146519	1
146532	1
146533	1
113771	1
100882	1
146545	1
81016	1
113794	1
15499	1
113808	1
146589	1
113823	1
15521	1
146601	1
62667	1
113884	1
146654	1
146658	1
146660	1
146688	1
48385	1
146695	1
48401	1
113943	1
15642	1
146730	1
95453	1
146743	1
113983	1
81216	1
48453	1
15699	1
146772	1
81241	1
35386	1
146785	1
114033	1
146814	1
114050	1
146824	1
146827	1
81293	1
81295	1
48537	1
146858	1
114102	1
48574	1
15815	1
114134	1
15833	1
15840	1
146917	1
146934	1
114172	1
146943	1
114182	1
146951	1
146959	1
146964	1
48663	1
144644	1
15909	1
146982	1
146996	1
15943	1
147024	1
15963	1
48742	1
48746	1
48759	1
147068	1
16011	1
48783	1
48785	1
48786	1
81557	1
147126	1
147129	1
147131	1
114373	1
81619	1
95464	1
99181	1
81651	1
114421	1
114423	1
81656	1
114432	1
19074	1
114446	1
147222	1
16162	1
16166	1
114475	1
114481	1
114497	1
147268	1
114501	1
81740	1
147283	1
81751	1
114521	1
49001	1
147324	1
147334	1
147339	1
147343	1
49042	1
147352	1
144711	1
114605	1
147374	1
81852	1
114622	1
114651	1
150182	1
147434	1
114676	1
114677	1
147447	1
49147	1
49149	1
16384	1
147464	1
81936	1
114723	1
114724	1
81970	1
139273	1
147515	1
114755	1
16452	1
81994	1
16468	1
114790	1
147570	1
114812	1
114832	1
114836	1
128366	1
82076	1
147631	1
147635	1
49332	1
49333	1
147642	1
147643	1
82118	1
147661	1
82129	1
82138	1
16610	1
147683	1
147690	1
82161	1
114936	1
147712	1
82185	1
95619	1
82201	1
49436	1
114976	1
114977	1
114980	1
147751	1
147755	1
114995	1
147764	1
16734	1
147808	1
49511	1
49515	1
115056	1
115060	1
82321	1
115101	1
115104	1
95643	1
16820	1
95646	1
49606	1
82376	1
101111	1
82383	1
49626	1
115168	1
16869	1
82429	1
115204	1
147978	1
147986	1
115222	1
49694	1
16937	1
102039	1
115250	1
95668	1
49736	1
115293	1
95494	1
115327	1
82561	1
17036	1
148113	1
115374	1
17083	1
115410	1
49877	1
115418	1
68390	1
17130	1
148204	1
17133	1
17136	1
148220	1
148246	1
115485	1
148261	1
49962	1
115501	1
148273	1
17205	1
148283	1
115517	1
82751	1
49987	1
82759	1
148297	1
115537	1
148308	1
115546	1
148317	1
50018	1
148324	1
148340	1
50046	1
50051	1
115601	1
148383	1
115626	1
148395	1
148404	1
50105	1
148413	1
148434	1
95739	1
115685	1
148456	1
148462	1
50163	1
115706	1
115708	1
19285	1
115713	1
115716	1
82957	1
148497	1
115734	1
148504	1
148511	1
148512	1
46598	1
148522	1
115757	1
115763	1
82999	1
83002	1
50235	1
17478	1
115785	1
115789	1
148563	1
50262	1
83035	1
115804	1
148577	1
50274	1
148582	1
115818	1
148588	1
79378	1
83065	1
115835	1
95765	1
148619	1
50316	1
115877	1
115878	1
13852	1
83116	1
17582	1
83121	1
148658	1
148660	1
115893	1
115898	1
148667	1
115901	1
115909	1
148679	1
148686	1
148692	1
115925	1
148698	1
148699	1
148701	1
148702	1
83169	1
115943	1
115945	1
115946	1
83180	1
148719	1
115952	1
17654	1
115964	1
148742	1
2945	1
90327	1
148748	1
115981	1
41177	1
148760	1
148766	1
148768	1
50475	1
148782	1
50479	1
148784	1
148796	1
116036	1
83270	1
79416	1
148820	1
116056	1
116057	1
50525	1
116066	1
83300	1
116073	1
101266	1
116088	1
50558	1
116135	1
76973	1
50616	1
95818	1
116166	1
148939	1
148940	1
148946	1
17880	1
148974	1
79443	1
50679	1
148994	1
116228	1
116231	1
116241	1
17944	1
17949	1
17950	1
149029	1
149030	1
149041	1
144992	1
93345	1
50767	1
150084	1
18006	1
18023	1
116339	1
116341	1
149111	1
18042	1
18048	1
18055	1
18073	1
116385	1
116389	1
149158	1
149163	1
149183	1
149188	1
149207	1
116441	1
149217	1
83686	1
149233	1
149234	1
116477	1
83715	1
116485	1
50956	1
50964	1
116512	1
149315	1
51014	1
149319	1
83787	1
18260	1
116565	1
51033	1
149346	1
116595	1
116596	1
116611	1
116615	1
116627	1
149403	1
149419	1
149437	1
149445	1
149446	1
116700	1
149470	1
149488	1
149496	1
149497	1
116741	1
116750	1
149543	1
149546	1
112306	1
149556	1
149562	1
116804	1
116819	1
149590	1
149592	1
149594	1
122329	1
116841	1
51308	1
51318	1
149635	1
149638	1
149647	1
149648	1
128708	1
84125	1
149662	1
84137	1
84138	1
139634	1
116915	1
116921	1
116923	1
116939	1
18644	1
51417	1
149725	1
18667	1
116975	1
51441	1
18689	1
18693	1
117020	1
84263	1
149805	1
18742	1
51515	1
117052	1
101432	1
14052	1
112357	1
18793	1
117101	1
117109	1
149885	1
22449	1
51593	1
51618	1
51620	1
149928	1
117166	1
117171	1
117175	1
149944	1
149946	1
18890	1
149963	1
149965	1
149966	1
149967	1
149978	1
117213	1
51678	1
101456	1
149997	1
149999	1
106920	1
150009	1
46847	1
117246	1
117250	1
84487	1
150026	1
84494	1
150061	1
117308	1
117310	1
51775	1
19012	1
117318	1
150096	1
84565	1
19041	1
150118	1
84588	1
150135	1
150141	1
84610	1
85099	1
150149	1
150165	1
117398	1
51877	1
117414	1
117418	1
117419	1
150190	1
150200	1
150209	1
150212	1
150221	1
117457	1
84695	1
117477	1
150251	1
19181	1
117490	1
150261	1
134273	1
19260	1
150337	1
150342	1
117589	1
14138	1
117604	1
52075	1
117617	1
150391	1
150414	1
117668	1
150442	1
150445	1
117699	1
117703	1
117712	1
150490	1
52191	1
117730	1
117733	1
84976	1
150696	1
150526	1
52229	1
150544	1
52246	1
150560	1
150561	1
117804	1
85042	1
150598	1
150601	1
85074	1
117846	1
85079	1
19552	1
150627	1
117863	1
150635	1
117871	1
19572	1
85118	1
117888	1
19600	1
117928	1
150700	1
150705	1
117947	1
117948	1
117950	1
150726	1
52424	1
134348	1
150731	1
19661	1
117965	1
19669	1
150754	1
150757	1
150767	1
118005	1
150787	1
150802	1
52499	1
118038	1
118046	1
85304	1
150847	1
52546	1
118098	1
52564	1
150869	1
150874	1
150884	1
118121	1
19828	1
150902	1
85226	1
118143	1
19847	1
85401	1
118171	1
150942	1
118183	1
85417	1
118196	1
85434	1
52671	1
8781	1
19931	1
151005	1
52703	1
52707	1
52708	1
151014	1
19950	1
151034	1
19964	1
85501	1
118289	1
151062	1
151069	1
118303	1
151072	1
52770	1
118309	1
151080	1
151083	1
151087	1
151091	1
151096	1
151101	1
118343	1
151123	1
20061	1
118375	1
118385	1
151158	1
118395	1
85634	1
151182	1
151183	1
118417	1
151195	1
118432	1
52898	1
151207	1
151208	1
151214	1
151215	1
151219	1
151234	1
151242	1
85715	1
85730	1
52971	1
107133	1
52976	1
134441	1
85756	1
151297	1
52995	1
53000	1
85781	1
151323	1
53020	1
151339	1
20287	1
151360	1
118593	1
19768	1
85855	1
20326	1
151407	1
53136	1
151449	1
53150	1
85919	1
118696	1
53163	1
118706	1
151478	1
151484	1
85974	1
150865	1
123559	1
85999	1
151539	1
86006	1
20485	1
151563	1
151578	1
118827	1
86063	1
118841	1
151614	1
20548	1
118854	1
151626	1
96269	1
151639	1
118877	1
86110	1
151658	1
118919	1
118921	1
151708	1
151717	1
118966	1
151735	1
118983	1
151760	1
151764	1
118998	1
86234	1
101755	1
151785	1
20716	1
151795	1
151797	1
90836	1
20733	1
20739	1
86276	1
151813	1
119048	1
53532	1
151841	1
20776	1
119088	1
151859	1
151862	1
47158	1
151909	1
151910	1
119159	1
86404	1
123630	1
20889	1
86426	1
119203	1
53679	1
119219	1
53692	1
86467	1
152010	1
152034	1
152040	1
152042	1
119276	1
152051	1
152061	1
3499	1
152091	1
152092	1
86576	1
152120	1
119356	1
53826	1
152137	1
21077	1
53851	1
152163	1
152172	1
152196	1
95723	1
152224	1
152227	1
152233	1
53932	1
107293	1
152254	1
152265	1
119498	1
152282	1
86749	1
86751	1
152308	1
86776	1
152313	1
152328	1
152338	1
152339	1
152354	1
119587	1
152366	1
119603	1
21301	1
119610	1
119613	1
86851	1
152390	1
21326	1
152411	1
152420	1
96401	1
119661	1
119670	1
152439	1
152440	1
152449	1
152454	1
86943	1
152485	1
54182	1
119727	1
152497	1
21431	1
119757	1
152536	1
152538	1
152542	1
119791	1
152574	1
152578	1
87080	1
119855	1
119857	1
119859	1
119897	1
21605	1
145597	1
21626	1
152702	1
119938	1
119947	1
119952	1
119954	1
152725	1
119982	1
152751	1
21682	1
21692	1
152765	1
152779	1
152783	1
152790	1
152793	1
152801	1
120037	1
152821	1
54521	1
152836	1
54534	1
87303	1
152840	1
21771	1
152854	1
54556	1
87325	1
152868	1
118321	1
152872	1
87340	1
152887	1
152888	1
54587	1
152895	1
152896	1
120129	1
87372	1
120164	1
152935	1
87400	1
152937	1
120177	1
145643	1
54661	1
96494	1
87450	1
120221	1
120222	1
87463	1
120238	1
153020	1
87496	1
54731	1
101965	1
21970	1
21973	1
87512	1
153054	1
96507	1
54776	1
153088	1
120325	1
87561	1
153115	1
153116	1
153117	1
120357	1
153129	1
120374	1
54843	1
153148	1
120382	1
153155	1
153169	1
120408	1
153179	1
54877	1
153189	1
153195	1
120440	1
87674	1
22144	1
153219	1
120453	1
22163	1
153242	1
54947	1
120487	1
54974	1
120524	1
87758	1
120563	1
120567	1
153340	1
87808	1
55042	1
153368	1
153374	1
120609	1
153378	1
153379	1
153380	1
120613	1
87854	1
107485	1
153392	1
153397	1
153402	1
153403	1
22344	1
87883	1
120652	1
120655	1
153431	1
153433	1
120667	1
120686	1
153457	1
55154	1
87925	1
153463	1
153469	1
153478	1
153479	1
153482	1
22411	1
120716	1
22420	1
120730	1
55201	1
156657	1
153515	1
120748	1
55213	1
87985	1
55226	1
153535	1
153542	1
153550	1
153555	1
153566	1
153569	1
120808	1
120811	1
120815	1
88048	1
153591	1
153594	1
153598	1
88066	1
55305	1
153611	1
153635	1
88109	1
22578	1
120888	1
120905	1
153683	1
120921	1
22625	1
55396	1
153707	1
120941	1
120942	1
153716	1
120969	1
144784	1
88212	1
22701	1
88238	1
121019	1
55490	1
55504	1
121043	1
153830	1
153831	1
121065	1
55530	1
88308	1
121086	1
121090	1
55560	1
88334	1
88343	1
88353	1
153907	1
22857	1
121162	1
153944	1
22902	1
113044	1
55732	1
154039	1
154054	1
154059	1
22993	1
154070	1
88535	1
88538	1
154082	1
88549	1
55786	1
154095	1
88565	1
154118	1
121352	1
88591	1
88592	1
121361	1
121366	1
154140	1
31152	1
154154	1
121412	1
121414	1
121437	1
23136	1
154215	1
121457	1
121469	1
88709	1
154261	1
23220	1
121525	1
154300	1
154301	1
154330	1
121565	1
121567	1
23273	1
121581	1
56060	1
121601	1
23309	1
56079	1
145881	1
154416	1
54275	1
154425	1
121660	1
121686	1
121687	1
91279	1
154468	1
23397	1
23400	1
121709	1
154486	1
154493	1
121726	1
154496	1
154501	1
88968	1
121739	1
88974	1
56213	1
121751	1
154524	1
118597	1
121766	1
121793	1
154565	1
154570	1
154572	1
121827	1
98985	1
154608	1
89078	1
89079	1
121852	1
23558	1
56335	1
121886	1
154658	1
56363	1
56369	1
121906	1
154677	1
23611	1
154686	1
121946	1
89179	1
89203	1
121975	1
89220	1
140481	1
121993	1
154772	1
122010	1
23707	1
154790	1
89266	1
122049	1
96801	1
122056	1
23753	1
154832	1
122076	1
154845	1
122086	1
154857	1
56557	1
154863	1
129576	1
23795	1
122104	1
122110	1
154884	1
122119	1
154909	1
56610	1
89382	1
154923	1
56620	1
122172	1
145973	1
89413	1
154982	1
89454	1
154993	1
155000	1
122242	1
122255	1
56722	1
56735	1
56742	1
122280	1
122284	1
155056	1
155057	1
89524	1
122299	1
122301	1
24014	1
89561	1
56796	1
155109	1
155112	1
151464	1
89592	1
122391	1
155160	1
155164	1
122401	1
56870	1
146012	1
56875	1
155187	1
24125	1
89680	1
122485	1
155255	1
155257	1
155271	1
89748	1
122519	1
122540	1
122544	1
155315	1
57021	1
89798	1
122571	1
155341	1
122576	1
146040	1
155364	1
122601	1
155387	1
155392	1
122626	1
57094	1
122665	1
122667	1
122687	1
24385	1
64139	1
155481	1
122717	1
89950	1
122719	1
24417	1
124221	1
156993	1
89993	1
155532	1
47770	1
155561	1
155563	1
24498	1
122810	1
122816	1
90059	1
155609	1
155612	1
24548	1
155622	1
90093	1
155632	1
155638	1
155656	1
122902	1
155679	1
122914	1
122932	1
122936	1
90181	1
122950	1
42337	1
155721	1
155724	1
155735	1
155750	1
155759	1
24691	1
155768	1
90240	1
24709	1
123026	1
123054	1
155836	1
123086	1
123087	1
155863	1
123096	1
123110	1
123127	1
155899	1
155905	1
123139	1
90383	1
123163	1
90396	1
123179	1
57678	1
90447	1
90458	1
156005	1
156011	1
123253	1
156025	1
90491	1
24966	1
156043	1
90508	1
156051	1
156071	1
25021	1
123362	1
156133	1
25064	1
156156	1
123389	1
156159	1
156183	1
156185	1
90655	1
156195	1
156203	1
123439	1
90676	1
25141	1
123462	1
123464	1
123468	1
123475	1
156262	1
156266	1
156269	1
25198	1
156276	1
156277	1
156282	1
156288	1
57993	1
156306	1
156307	1
123555	1
156327	1
123572	1
123574	1
123579	1
156349	1
25278	1
156353	1
156354	1
58057	1
123604	1
123605	1
156392	1
156395	1
156398	1
123637	1
156406	1
90875	1
156418	1
123657	1
156428	1
90901	1
123670	1
156442	1
156443	1
156444	1
156448	1
156457	1
90930	1
123718	1
123721	1
123722	1
123723	1
156503	1
156523	1
123758	1
156527	1
156535	1
91012	1
58256	1
58260	1
123806	1
156580	1
82684	1
91052	1
123823	1
91059	1
58300	1
123858	1
156645	1
91120	1
58358	1
156665	1
91150	1
25623	1
123930	1
156701	1
123935	1
156706	1
156727	1
123967	1
123978	1
156750	1
156767	1
91235	1
124015	1
156784	1
58488	1
58489	1
58501	1
91274	1
75677	1
156823	1
156831	1
58559	1
156866	1
25799	1
156876	1
124112	1
156888	1
124121	1
25828	1
156901	1
25839	1
91377	1
156916	1
124149	1
91392	1
15234	1
91406	1
58644	1
124185	1
156968	1
156969	1
124212	1
124216	1
124217	1
80778	1
124226	1
124228	1
124237	1
157006	1
58720	1
124266	1
124288	1
58753	1
124295	1
124326	1
91561	1
157137	1
157142	1
157155	1
157168	1
124403	1
124415	1
124417	1
157187	1
157199	1
58907	1
157217	1
80817	1
26154	1
124464	1
124465	1
91706	1
124478	1
124495	1
157270	1
58981	1
91758	1
157296	1
26240	1
157315	1
124553	1
91811	1
157351	1
26280	1
91818	1
157357	1
26296	1
124615	1
26318	1
157391	1
124626	1
157400	1
59109	1
26345	1
157419	1
124653	1
91901	1
124687	1
157456	1
59156	1
124695	1
124709	1
157490	1
124730	1
124731	1
124736	1
124768	1
124772	1
26471	1
124780	1
124781	1
59268	1
26503	1
59272	1
124819	1
92052	1
124822	1
124830	1
59297	1
157605	1
157607	1
157618	1
92092	1
92099	1
124874	1
157651	1
124890	1
124894	1
124900	1
92152	1
124923	1
124938	1
124952	1
124957	1
124971	1
92211	1
92215	1
124984	1
124989	1
124991	1
157781	1
157787	1
125027	1
125034	1
125035	1
125047	1
26745	1
157841	1
157842	1
125088	1
125102	1
157880	1
52176	1
92359	1
157904	1
157906	1
125142	1
92375	1
125145	1
125153	1
157922	1
135547	1
125160	1
157929	1
75475	1
59639	1
125176	1
125184	1
125198	1
157973	1
125211	1
59691	1
157999	1
158006	1
158020	1
158022	1
158027	1
158036	1
158054	1
158061	1
158062	1
125297	1
130110	1
158076	1
158079	1
158083	1
92550	1
27017	1
92554	1
27021	1
158097	1
125333	1
59799	1
125352	1
125355	1
125358	1
92596	1
59833	1
158150	1
92624	1
92631	1
125402	1
125428	1
125437	1
158213	1
59910	1
125462	1
125475	1
59941	1
92710	1
158250	1
92726	1
59959	1
158272	1
125505	1
59974	1
125513	1
158285	1
125519	1
59986	1
125523	1
158295	1
26383	1
158301	1
135611	1
158309	1
158315	1
125556	1
125557	1
92795	1
60029	1
125567	1
125573	1
125579	1
92819	1
158358	1
125596	1
125597	1
125599	1
27315	1
125620	1
125624	1
125640	1
27337	1
125648	1
146552	1
125654	1
92887	1
158425	1
158430	1
125663	1
27369	1
125684	1
125696	1
125697	1
27399	1
158472	1
27402	1
125709	1
125710	1
158480	1
125713	1
92946	1
125719	1
158490	1
158494	1
27426	1
158514	1
125751	1
158523	1
125763	1
27460	1
125765	1
125779	1
125789	1
125793	1
60258	1
27525	1
93663	1
158616	1
125849	1
125863	1
158634	1
27564	1
125870	1
158639	1
125884	1
158654	1
125892	1
125900	1
97443	1
60375	1
125917	1
158688	1
158705	1
125939	1
125942	1
125956	1
125957	1
125958	1
60442	1
93214	1
125987	1
60452	1
126012	1
126015	1
27718	1
26468	1
158813	1
126065	1
60539	1
126081	1
60553	1
60554	1
158865	1
126103	1
158874	1
158876	1
126111	1
93349	1
126118	1
27815	1
126127	1
158897	1
158898	1
158901	1
158909	1
126144	1
93380	1
158917	1
158921	1
126167	1
158938	1
158944	1
126194	1
158968	1
60668	1
126217	1
93451	1
126220	1
158991	1
159004	1
126245	1
93494	1
126268	1
159050	1
159060	1
159062	1
126297	1
126298	1
64741	1
159074	1
28024	1
126333	1
28030	1
159105	1
159107	1
126344	1
93582	1
28047	1
159120	1
126361	1
126362	1
126367	1
93600	1
159137	1
93604	1
93608	1
126383	1
159155	1
93620	1
159165	1
126399	1
159169	1
126411	1
159185	1
26533	1
126435	1
159205	1
159207	1
159209	1
159210	1
126453	1
159223	1
93691	1
159229	1
126466	1
60933	1
28171	1
126482	1
93723	1
60956	1
126498	1
28200	1
93750	1
60983	1
159288	1
126529	1
159305	1
126540	1
159335	1
28267	1
126578	1
126580	1
93845	1
61114	1
159424	1
126673	1
126677	1
93911	1
159451	1
126693	1
126698	1
126700	1
28402	1
28405	1
28410	1
159487	1
159496	1
28425	1
159502	1
159522	1
126766	1
126769	1
126799	1
94032	1
28515	1
75752	1
94081	1
159642	1
126894	1
126906	1
61408	1
61409	1
94190	1
146771	1
28678	1
126986	1
126987	1
126988	1
146777	1
127000	1
127006	1
61485	1
127024	1
127029	1
127036	1
61526	1
127065	1
28764	1
127076	1
159852	1
94362	1
127139	1
127140	1
127142	1
94380	1
94393	1
127164	1
159936	1
127175	1
127186	1
127188	1
159970	1
159981	1
159985	1
159996	1
127231	1
33697	1
127245	1
127254	1
127258	1
127269	1
127271	1
61741	1
94516	1
61749	1
160067	1
127309	1
160080	1
160081	1
127316	1
127320	1
29018	1
97680	1
127339	1
94575	1
61811	1
94598	1
127371	1
127381	1
160175	1
127427	1
127459	1
127464	1
127470	1
127480	1
127487	1
29186	1
127498	1
127499	1
160271	1
127508	1
127512	1
64943	1
127518	1
94761	1
160304	1
127539	1
94775	1
127545	1
160319	1
160325	1
94792	1
62042	1
62044	1
127598	1
94842	1
127619	1
160390	1
127652	1
94890	1
127659	1
127662	1
160432	1
160434	1
62138	1
127675	1
127697	1
94930	1
127699	1
160469	1
94945	1
127714	1
94949	1
62194	1
94977	1
146905	1
95002	1
160547	1
95016	1
127789	1
95026	1
95046	1
127815	1
127816	1
127827	1
127842	1
160614	1
127847	1
95081	1
160627	1
95098	1
127869	1
95116	1
127892	1
127900	1
160669	1
29598	1
95142	1
62376	1
127914	1
95155	1
127935	1
95184	1
127961	1
62430	1
62444	1
62448	1
127986	1
95222	1
108714	1
128004	1
160786	1
128019	1
128020	1
128022	1
62507	1
128056	1
128057	1
95293	1
95298	1
160836	1
160842	1
160844	1
128085	1
29782	1
160859	1
62564	1
95333	1
128107	1
160877	1
128110	1
128111	1
95345	1
160884	1
160889	1
62595	1
62596	1
29834	1
95389	1
128158	1
128163	1
62628	1
160933	1
62632	1
95410	1
29881	1
128188	1
128218	1
160989	1
108752	1
95462	1
128232	1
128237	1
128243	1
128251	1
161036	1
128271	1
95507	1
95510	1
29979	1
95517	1
128286	1
95522	1
128292	1
95536	1
30008	1
161087	1
161096	1
62793	1
66468	1
161116	1
62813	1
95583	1
95584	1
95591	1
30062	1
95600	1
161137	1
161155	1
95621	1
95629	1
160307	1
95639	1
95640	1
108783	1
128418	1
161187	1
161199	1
62900	1
30139	1
95680	1
95686	1
141560	1
128469	1
97871	1
128476	1
30181	1
95719	1
95720	1
128494	1
30203	1
161282	1
161284	1
97878	1
95761	1
161301	1
161314	1
95782	1
95785	1
128560	1
95808	1
128586	1
95822	1
95830	1
30301	1
95840	1
95859	1
30324	1
63099	1
128636	1
95881	1
95888	1
95890	1
128670	1
21445	1
59675	1
76061	1
128690	1
95928	1
95930	1
95938	1
95940	1
95951	1
95953	1
95960	1
95966	1
63201	1
95976	1
30441	1
95988	1
97918	1
96003	1
96012	1
63247	1
130692	1
96034	1
96051	1
63303	1
96081	1
8655	1
96111	1
128881	1
63348	1
96131	1
96134	1
96147	1
128926	1
96168	1
30644	1
128958	1
16041	1
129023	1
96265	1
97966	1
96282	1
63555	1
96328	1
96349	1
96362	1
96367	1
96368	1
96381	1
30854	1
30862	1
129169	1
96409	1
30876	1
129193	1
129194	1
96428	1
96441	1
129214	1
30942	1
96485	1
96491	1
96492	1
96499	1
96503	1
125311	1
129281	1
129306	1
10629	1
96545	1
129319	1
96554	1
96560	1
129331	1
96564	1
141708	1
63824	1
96593	1
129364	1
129367	1
96606	1
96611	1
96624	1
63861	1
96643	1
96648	1
96657	1
31130	1
96667	1
96674	1
63917	1
96687	1
129456	1
96695	1
96696	1
96704	1
96712	1
129499	1
96737	1
59815	1
63982	1
129521	1
129523	1
96772	1
96775	1
96781	1
96783	1
64016	1
31260	1
129568	1
141744	1
129574	1
129580	1
96820	1
96843	1
40323	1
96845	1
96847	1
96848	1
87242	1
147216	1
96868	1
129644	1
31346	1
31350	1
96892	1
96896	1
64136	1
129674	1
96907	1
96908	1
31385	1
96947	1
114466	1
129767	1
64233	1
97006	1
31473	1
129793	1
129813	1
129839	1
97072	1
98099	1
97082	1
97083	1
129855	1
129866	1
129867	1
97100	1
97104	1
129876	1
31574	1
125412	1
129886	1
97122	1
64355	1
64366	1
97136	1
97177	1
129946	1
97179	1
64415	1
64423	1
97201	1
31667	1
97207	1
129989	1
129990	1
97226	1
97227	1
97249	1
130018	1
97252	1
130024	1
130026	1
97260	1
64496	1
130042	1
97282	1
97298	1
21678	1
97303	1
10756	1
97324	1
130094	1
97342	1
97347	1
97351	1
64601	1
97373	1
64609	1
64620	1
97398	1
160366	1
64640	1
97430	1
97436	1
97447	1
130218	1
31918	1
64698	1
97472	1
54475	1
97481	1
97483	1
97501	1
130277	1
97510	1
130283	1
97524	1
130293	1
97526	1
130302	1
130303	1
130326	1
97577	1
97578	1
97602	1
97616	1
130396	1
32108	1
97654	1
97672	1
97673	1
32144	1
97696	1
130470	1
97705	1
130479	1
97717	1
109129	1
97725	1
97732	1
130505	1
97746	1
130522	1
49061	1
27216	1
97765	1
32245	1
97786	1
97800	1
97805	1
97813	1
97831	1
130612	1
130619	1
65095	1
97864	1
103693	1
130646	1
97906	1
65150	1
76395	1
65156	1
97935	1
130708	1
97949	1
97953	1
97967	1
5406	1
97977	1
65482	1
97995	1
98013	1
98042	1
32519	1
130824	1
98062	1
65331	1
98107	1
130878	1
27275	1
32586	1
98127	1
130916	1
32627	1
98190	1
98191	1
32657	1
99289	1
130964	1
98203	1
98208	1
98215	1
98220	1
70985	1
98242	1
98243	1
65480	1
131043	1
